﻿<?xml version="1.0" encoding="utf-8"?>
<helpItems schema="maml" xmlns="http://msh">
  <command:command xmlns:maml="http://schemas.microsoft.com/maml/2004/10" xmlns:command="http://schemas.microsoft.com/maml/dev/command/2004/10" xmlns:dev="http://schemas.microsoft.com/maml/dev/2004/10" xmlns:MSHelp="http://msdn.microsoft.com/mshelp">
    <command:details>
      <command:name>Connect-MicrosoftTeams</command:name>
      <command:verb>Connect</command:verb>
      <command:noun>MicrosoftTeams</command:noun>
      <maml:description>
        <maml:para>The Connect-MicrosoftTeams cmdlet connects an authenticated account for use with cmdlets from the MicrosoftTeams module.</maml:para>
      </maml:description>
    </command:details>
    <maml:description>
      <maml:para>The Connect-MicrosoftTeams cmdlet connects to Microsoft Teams with an authenticated account for use with cmdlets from the MicrosoftTeams PowerShell module. After executing this cmdlet, you can disconnect from MicrosoftTeams account using Disconnect-MicrosoftTeams.</maml:para>
      <maml:para>&gt; [!WARNING] &gt;If basic authentication is not enabled, legacy *-Cs cmdlets will not function properly. For Remote PowerShell, basic authentication is necessary. (https://techcommunity.microsoft.com/t5/exchange-team-blog/basic-authentication-and-exchange-online-june-2021-update/ba-p/2454827)</maml:para>
    </maml:description>
    <command:syntax>
      <command:syntaxItem>
        <maml:name>Connect-MicrosoftTeams</maml:name>
        <command:parameter required="true" variableLength="true" globbing="false" pipelineInput="false" position="named" aliases="none">
          <maml:name>AccessTokens</maml:name>
          <maml:description>
            <maml:para>Specifies a access tokens for "MSGraph" and "Skype and Teams Tenant Admin API" resources. This new parameter is added in version 2.3.2-preview. </maml:para>
            <maml:para>Following steps must be performed by Tenant Admin in the Azure portal when using your own application. </maml:para>
            <maml:para>Steps to configure the AAD application.  1. Go to Azure portal and go to App Registrations.  2. Create or select the existing application. 3. Add the following permission to this Application.  4. Click API permissions.  5. Click Add a permission.  6. Click on the Microsoft MS Graph, and then select Delegated Permission. 7. Add the following permissions: "AppCatalog.ReadWrite.All", "Group.ReadWrite.All", "User.Read.All"; 8. Next, we need to add "Skype and Teams Tenant Admin API" resource permission. Click Add a permission. 9. Navigate to "APIs my organization uses"  10. Search for "Skype and Teams Tenant Admin API". 11. Add all the listed permissions.  12. Grant admin consent to both MS Graph and "Skype and Teams Tenant Admin API" name.</maml:para>
          </maml:description>
          <command:parameterValue required="true" variableLength="false">String[]</command:parameterValue>
          <dev:type>
            <maml:name>String[]</maml:name>
            <maml:uri />
          </dev:type>
          <dev:defaultValue>None</dev:defaultValue>
        </command:parameter>
        <command:parameter required="false" variableLength="true" globbing="false" pipelineInput="False" position="named" aliases="cf">
          <maml:name>Confirm</maml:name>
          <maml:description>
            <maml:para>Prompts you for confirmation before running the cmdlet.</maml:para>
          </maml:description>
          <dev:type>
            <maml:name>SwitchParameter</maml:name>
            <maml:uri />
          </dev:type>
          <dev:defaultValue>False</dev:defaultValue>
        </command:parameter>
        <command:parameter required="false" variableLength="true" globbing="false" pipelineInput="False" position="named" aliases="none">
          <maml:name>LogFilePath</maml:name>
          <maml:description>
            <maml:para>The path where the log file for this PowerShell session is written to. Provide a value here if you need to deviate from the default PowerShell log file location.</maml:para>
          </maml:description>
          <command:parameterValue required="true" variableLength="false">String</command:parameterValue>
          <dev:type>
            <maml:name>String</maml:name>
            <maml:uri />
          </dev:type>
          <dev:defaultValue>None</dev:defaultValue>
        </command:parameter>
        <command:parameter required="false" variableLength="true" globbing="false" pipelineInput="False" position="named" aliases="none">
          <maml:name>LogLevel</maml:name>
          <maml:description>
            <maml:para>Specifies the log level.  The acceptable values for this parameter are:</maml:para>
            <maml:para>- Info</maml:para>
            <maml:para>- Error</maml:para>
            <maml:para>- Warning</maml:para>
            <maml:para>- None</maml:para>
            <maml:para></maml:para>
            <maml:para>The default value is Info.</maml:para>
          </maml:description>
          <command:parameterValue required="true" variableLength="false">LogLevel</command:parameterValue>
          <dev:type>
            <maml:name>LogLevel</maml:name>
            <maml:uri />
          </dev:type>
          <dev:defaultValue>None</dev:defaultValue>
        </command:parameter>
        <command:parameter required="false" variableLength="true" globbing="false" pipelineInput="False" position="named" aliases="wi">
          <maml:name>WhatIf</maml:name>
          <maml:description>
            <maml:para>Shows what would happen if the cmdlet runs. The cmdlet is not run.</maml:para>
          </maml:description>
          <dev:type>
            <maml:name>SwitchParameter</maml:name>
            <maml:uri />
          </dev:type>
          <dev:defaultValue>False</dev:defaultValue>
        </command:parameter>
      </command:syntaxItem>
      <command:syntaxItem>
        <maml:name>Connect-MicrosoftTeams</maml:name>
        <command:parameter required="true" variableLength="true" globbing="false" pipelineInput="False" position="named" aliases="none">
          <maml:name>AadAccessToken (Removed from version 2.3.2-preview)</maml:name>
          <maml:description>
            <maml:para>Specifies a Azure Active Directory Graph access token. &gt; [!WARNING] &gt;This parameter has been removed from version 2.3.2-preview.</maml:para>
          </maml:description>
          <command:parameterValue required="true" variableLength="false">String</command:parameterValue>
          <dev:type>
            <maml:name>String</maml:name>
            <maml:uri />
          </dev:type>
          <dev:defaultValue>None</dev:defaultValue>
        </command:parameter>
        <command:parameter required="true" variableLength="true" globbing="false" pipelineInput="False" position="named" aliases="none">
          <maml:name>AccountId</maml:name>
          <maml:description>
            <maml:para>Specifies the ID of an account. You must specify the UPN of the user when authenticating with a user access token.</maml:para>
          </maml:description>
          <command:parameterValue required="true" variableLength="false">String</command:parameterValue>
          <dev:type>
            <maml:name>String</maml:name>
            <maml:uri />
          </dev:type>
          <dev:defaultValue>None</dev:defaultValue>
        </command:parameter>
        <command:parameter required="false" variableLength="true" globbing="false" pipelineInput="False" position="named" aliases="cf">
          <maml:name>Confirm</maml:name>
          <maml:description>
            <maml:para>Prompts you for confirmation before running the cmdlet.</maml:para>
          </maml:description>
          <dev:type>
            <maml:name>SwitchParameter</maml:name>
            <maml:uri />
          </dev:type>
          <dev:defaultValue>False</dev:defaultValue>
        </command:parameter>
        <command:parameter required="false" variableLength="true" globbing="false" pipelineInput="False" position="named" aliases="none">
          <maml:name>LogFilePath</maml:name>
          <maml:description>
            <maml:para>The path where the log file for this PowerShell session is written to. Provide a value here if you need to deviate from the default PowerShell log file location.</maml:para>
          </maml:description>
          <command:parameterValue required="true" variableLength="false">String</command:parameterValue>
          <dev:type>
            <maml:name>String</maml:name>
            <maml:uri />
          </dev:type>
          <dev:defaultValue>None</dev:defaultValue>
        </command:parameter>
        <command:parameter required="false" variableLength="true" globbing="false" pipelineInput="False" position="named" aliases="none">
          <maml:name>LogLevel</maml:name>
          <maml:description>
            <maml:para>Specifies the log level.  The acceptable values for this parameter are:</maml:para>
            <maml:para>- Info</maml:para>
            <maml:para>- Error</maml:para>
            <maml:para>- Warning</maml:para>
            <maml:para>- None</maml:para>
            <maml:para></maml:para>
            <maml:para>The default value is Info.</maml:para>
          </maml:description>
          <command:parameterValue required="true" variableLength="false">LogLevel</command:parameterValue>
          <dev:type>
            <maml:name>LogLevel</maml:name>
            <maml:uri />
          </dev:type>
          <dev:defaultValue>None</dev:defaultValue>
        </command:parameter>
        <command:parameter required="false" variableLength="true" globbing="false" pipelineInput="False" position="named" aliases="none">
          <maml:name>MsAccessToken (Removed from version 2.3.2-preview)</maml:name>
          <maml:description>
            <maml:para>Specifies a Microsoft Graph access token. &gt; [!WARNING] &gt;This parameter has been removed from version 2.3.2-preview.</maml:para>
          </maml:description>
          <command:parameterValue required="true" variableLength="false">String</command:parameterValue>
          <dev:type>
            <maml:name>String</maml:name>
            <maml:uri />
          </dev:type>
          <dev:defaultValue>None</dev:defaultValue>
        </command:parameter>
        <command:parameter required="false" variableLength="true" globbing="false" pipelineInput="False" position="named" aliases="Domain, TenantDomain">
          <maml:name>TenantId</maml:name>
          <maml:description>
            <maml:para>Specifies the ID of a tenant.</maml:para>
            <maml:para>If you do not specify this parameter, the account is authenticated with the home tenant.</maml:para>
            <maml:para>You must specify the TenantId parameter to authenticate as a service principal or when using Microsoft account.</maml:para>
          </maml:description>
          <command:parameterValue required="true" variableLength="false">String</command:parameterValue>
          <dev:type>
            <maml:name>String</maml:name>
            <maml:uri />
          </dev:type>
          <dev:defaultValue>None</dev:defaultValue>
        </command:parameter>
        <command:parameter required="false" variableLength="true" globbing="false" pipelineInput="False" position="named" aliases="wi">
          <maml:name>WhatIf</maml:name>
          <maml:description>
            <maml:para>Shows what would happen if the cmdlet runs. The cmdlet is not run.</maml:para>
          </maml:description>
          <dev:type>
            <maml:name>SwitchParameter</maml:name>
            <maml:uri />
          </dev:type>
          <dev:defaultValue>False</dev:defaultValue>
        </command:parameter>
      </command:syntaxItem>
      <command:syntaxItem>
        <maml:name>Connect-MicrosoftTeams</maml:name>
        <command:parameter required="false" variableLength="true" globbing="false" pipelineInput="False" position="named" aliases="none">
          <maml:name>AccountId</maml:name>
          <maml:description>
            <maml:para>Specifies the ID of an account. You must specify the UPN of the user when authenticating with a user access token.</maml:para>
          </maml:description>
          <command:parameterValue required="true" variableLength="false">String</command:parameterValue>
          <dev:type>
            <maml:name>String</maml:name>
            <maml:uri />
          </dev:type>
          <dev:defaultValue>None</dev:defaultValue>
        </command:parameter>
        <command:parameter required="false" variableLength="true" globbing="false" pipelineInput="False" position="named" aliases="cf">
          <maml:name>Confirm</maml:name>
          <maml:description>
            <maml:para>Prompts you for confirmation before running the cmdlet.</maml:para>
          </maml:description>
          <dev:type>
            <maml:name>SwitchParameter</maml:name>
            <maml:uri />
          </dev:type>
          <dev:defaultValue>False</dev:defaultValue>
        </command:parameter>
        <command:parameter required="false" variableLength="true" globbing="false" pipelineInput="False" position="named" aliases="none">
          <maml:name>Credential</maml:name>
          <maml:description>
            <maml:para>Specifies a PSCredential object. For more information about the PSCredential object, type Get-Help Get-Credential.</maml:para>
            <maml:para>The PSCredential object provides the user ID and password for organizational ID credentials.</maml:para>
          </maml:description>
          <command:parameterValue required="true" variableLength="false">PSCredential</command:parameterValue>
          <dev:type>
            <maml:name>PSCredential</maml:name>
            <maml:uri />
          </dev:type>
          <dev:defaultValue>None</dev:defaultValue>
        </command:parameter>
        <command:parameter required="false" variableLength="true" globbing="false" pipelineInput="False" position="named" aliases="none">
          <maml:name>LogFilePath</maml:name>
          <maml:description>
            <maml:para>The path where the log file for this PowerShell session is written to. Provide a value here if you need to deviate from the default PowerShell log file location.</maml:para>
          </maml:description>
          <command:parameterValue required="true" variableLength="false">String</command:parameterValue>
          <dev:type>
            <maml:name>String</maml:name>
            <maml:uri />
          </dev:type>
          <dev:defaultValue>None</dev:defaultValue>
        </command:parameter>
        <command:parameter required="false" variableLength="true" globbing="false" pipelineInput="False" position="named" aliases="none">
          <maml:name>LogLevel</maml:name>
          <maml:description>
            <maml:para>Specifies the log level.  The acceptable values for this parameter are:</maml:para>
            <maml:para>- Info</maml:para>
            <maml:para>- Error</maml:para>
            <maml:para>- Warning</maml:para>
            <maml:para>- None</maml:para>
            <maml:para></maml:para>
            <maml:para>The default value is Info.</maml:para>
          </maml:description>
          <command:parameterValue required="true" variableLength="false">LogLevel</command:parameterValue>
          <dev:type>
            <maml:name>LogLevel</maml:name>
            <maml:uri />
          </dev:type>
          <dev:defaultValue>None</dev:defaultValue>
        </command:parameter>
        <command:parameter required="false" variableLength="true" globbing="false" pipelineInput="False" position="named" aliases="Domain, TenantDomain">
          <maml:name>TenantId</maml:name>
          <maml:description>
            <maml:para>Specifies the ID of a tenant.</maml:para>
            <maml:para>If you do not specify this parameter, the account is authenticated with the home tenant.</maml:para>
            <maml:para>You must specify the TenantId parameter to authenticate as a service principal or when using Microsoft account.</maml:para>
          </maml:description>
          <command:parameterValue required="true" variableLength="false">String</command:parameterValue>
          <dev:type>
            <maml:name>String</maml:name>
            <maml:uri />
          </dev:type>
          <dev:defaultValue>None</dev:defaultValue>
        </command:parameter>
        <command:parameter required="false" variableLength="true" globbing="false" pipelineInput="False" position="named" aliases="wi">
          <maml:name>WhatIf</maml:name>
          <maml:description>
            <maml:para>Shows what would happen if the cmdlet runs. The cmdlet is not run.</maml:para>
          </maml:description>
          <dev:type>
            <maml:name>SwitchParameter</maml:name>
            <maml:uri />
          </dev:type>
          <dev:defaultValue>False</dev:defaultValue>
        </command:parameter>
        <command:parameter required="false" variableLength="true" globbing="false" pipelineInput="False" position="named" aliases="none">
          <maml:name>TeamsEnvironmentName</maml:name>
          <maml:description>
            <maml:para>Use this setting if your organization is in one of the Teams Government Cloud environments.</maml:para>
            <maml:para>Specify "TeamsGCCH" if your organization is in the GCC High Environment.  Specify "TeamsDOD" if your organization is in the DoD Environment.</maml:para>
          </maml:description>
          <command:parameterValue required="true" variableLength="false">String</command:parameterValue>
          <dev:type>
            <maml:name>String</maml:name>
            <maml:uri />
          </dev:type>
          <dev:defaultValue>None</dev:defaultValue>
        </command:parameter>
      </command:syntaxItem>
      <command:syntaxItem>
        <maml:name>Connect-MicrosoftTeams</maml:name>
        <command:parameter required="true" variableLength="true" globbing="false" pipelineInput="False" position="named" aliases="none">
          <maml:name>ApplicationId</maml:name>
          <maml:description>
            <maml:para>Specifies the application ID of the service principal.</maml:para>
          </maml:description>
          <command:parameterValue required="true" variableLength="false">String</command:parameterValue>
          <dev:type>
            <maml:name>String</maml:name>
            <maml:uri />
          </dev:type>
          <dev:defaultValue>None</dev:defaultValue>
        </command:parameter>
        <command:parameter required="true" variableLength="true" globbing="false" pipelineInput="False" position="named" aliases="none">
          <maml:name>CertificateThumbprint (Removed from version 2.4.1-preview)</maml:name>
          <maml:description>
            <maml:para>Specifies the certificate thumbprint of a digital public key X.509 certificate of a user account that has permission to perform this action. &gt; [!WARNING] &gt;This parameter has been removed from version 2.4.1-preview.</maml:para>
          </maml:description>
          <command:parameterValue required="true" variableLength="false">String</command:parameterValue>
          <dev:type>
            <maml:name>String</maml:name>
            <maml:uri />
          </dev:type>
          <dev:defaultValue>None</dev:defaultValue>
        </command:parameter>
        <command:parameter required="false" variableLength="true" globbing="false" pipelineInput="False" position="named" aliases="cf">
          <maml:name>Confirm</maml:name>
          <maml:description>
            <maml:para>Prompts you for confirmation before running the cmdlet.</maml:para>
          </maml:description>
          <dev:type>
            <maml:name>SwitchParameter</maml:name>
            <maml:uri />
          </dev:type>
          <dev:defaultValue>False</dev:defaultValue>
        </command:parameter>
        <command:parameter required="false" variableLength="true" globbing="false" pipelineInput="False" position="named" aliases="none">
          <maml:name>LogFilePath</maml:name>
          <maml:description>
            <maml:para>The path where the log file for this PowerShell session is written to. Provide a value here if you need to deviate from the default PowerShell log file location.</maml:para>
          </maml:description>
          <command:parameterValue required="true" variableLength="false">String</command:parameterValue>
          <dev:type>
            <maml:name>String</maml:name>
            <maml:uri />
          </dev:type>
          <dev:defaultValue>None</dev:defaultValue>
        </command:parameter>
        <command:parameter required="false" variableLength="true" globbing="false" pipelineInput="False" position="named" aliases="none">
          <maml:name>LogLevel</maml:name>
          <maml:description>
            <maml:para>Specifies the log level.  The acceptable values for this parameter are:</maml:para>
            <maml:para>- Info</maml:para>
            <maml:para>- Error</maml:para>
            <maml:para>- Warning</maml:para>
            <maml:para>- None</maml:para>
            <maml:para></maml:para>
            <maml:para>The default value is Info.</maml:para>
          </maml:description>
          <command:parameterValue required="true" variableLength="false">LogLevel</command:parameterValue>
          <dev:type>
            <maml:name>LogLevel</maml:name>
            <maml:uri />
          </dev:type>
          <dev:defaultValue>None</dev:defaultValue>
        </command:parameter>
        <command:parameter required="true" variableLength="true" globbing="false" pipelineInput="False" position="named" aliases="Domain, TenantDomain">
          <maml:name>TenantId</maml:name>
          <maml:description>
            <maml:para>Specifies the ID of a tenant.</maml:para>
            <maml:para>If you do not specify this parameter, the account is authenticated with the home tenant.</maml:para>
            <maml:para>You must specify the TenantId parameter to authenticate as a service principal or when using Microsoft account.</maml:para>
          </maml:description>
          <command:parameterValue required="true" variableLength="false">String</command:parameterValue>
          <dev:type>
            <maml:name>String</maml:name>
            <maml:uri />
          </dev:type>
          <dev:defaultValue>None</dev:defaultValue>
        </command:parameter>
        <command:parameter required="false" variableLength="true" globbing="false" pipelineInput="False" position="named" aliases="wi">
          <maml:name>WhatIf</maml:name>
          <maml:description>
            <maml:para>Shows what would happen if the cmdlet runs. The cmdlet is not run.</maml:para>
          </maml:description>
          <dev:type>
            <maml:name>SwitchParameter</maml:name>
            <maml:uri />
          </dev:type>
          <dev:defaultValue>False</dev:defaultValue>
        </command:parameter>
      </command:syntaxItem>
      <command:syntaxItem>
        <maml:name>Connect-MicrosoftTeams</maml:name>
        <command:parameter required="false" variableLength="true" globbing="false" pipelineInput="False" position="named" aliases="cf">
          <maml:name>Confirm</maml:name>
          <maml:description>
            <maml:para>Prompts you for confirmation before running the cmdlet.</maml:para>
          </maml:description>
          <dev:type>
            <maml:name>SwitchParameter</maml:name>
            <maml:uri />
          </dev:type>
          <dev:defaultValue>False</dev:defaultValue>
        </command:parameter>
        <command:parameter required="false" variableLength="true" globbing="false" pipelineInput="False" position="named" aliases="none">
          <maml:name>LogFilePath</maml:name>
          <maml:description>
            <maml:para>The path where the log file for this PowerShell session is written to. Provide a value here if you need to deviate from the default PowerShell log file location.</maml:para>
          </maml:description>
          <command:parameterValue required="true" variableLength="false">String</command:parameterValue>
          <dev:type>
            <maml:name>String</maml:name>
            <maml:uri />
          </dev:type>
          <dev:defaultValue>None</dev:defaultValue>
        </command:parameter>
        <command:parameter required="false" variableLength="true" globbing="false" pipelineInput="False" position="named" aliases="none">
          <maml:name>LogLevel</maml:name>
          <maml:description>
            <maml:para>Specifies the log level.  The acceptable values for this parameter are:</maml:para>
            <maml:para>- Info</maml:para>
            <maml:para>- Error</maml:para>
            <maml:para>- Warning</maml:para>
            <maml:para>- None</maml:para>
            <maml:para></maml:para>
            <maml:para>The default value is Info.</maml:para>
          </maml:description>
          <command:parameterValue required="true" variableLength="false">LogLevel</command:parameterValue>
          <dev:type>
            <maml:name>LogLevel</maml:name>
            <maml:uri />
          </dev:type>
          <dev:defaultValue>None</dev:defaultValue>
        </command:parameter>
        <command:parameter required="false" variableLength="true" globbing="false" pipelineInput="False" position="named" aliases="wi">
          <maml:name>WhatIf</maml:name>
          <maml:description>
            <maml:para>Shows what would happen if the cmdlet runs. The cmdlet is not run.</maml:para>
          </maml:description>
          <dev:type>
            <maml:name>SwitchParameter</maml:name>
            <maml:uri />
          </dev:type>
          <dev:defaultValue>False</dev:defaultValue>
        </command:parameter>
        <command:parameter required="true" variableLength="true" globbing="false" pipelineInput="False" position="named" aliases="MSI, ManagedService">
          <maml:name>Identity</maml:name>
          <maml:description>
            <maml:para>Login using managed service identity in the current environment.</maml:para>
          </maml:description>
          <dev:type>
            <maml:name>SwitchParameter</maml:name>
            <maml:uri />
          </dev:type>
          <dev:defaultValue>False</dev:defaultValue>
        </command:parameter>
        <command:parameter required="false" variableLength="true" globbing="false" pipelineInput="False" position="named" aliases="none">
          <maml:name>ManagedServiceHostName</maml:name>
          <maml:description>
            <maml:para>Host name for managed service login.</maml:para>
          </maml:description>
          <command:parameterValue required="true" variableLength="false">String</command:parameterValue>
          <dev:type>
            <maml:name>String</maml:name>
            <maml:uri />
          </dev:type>
          <dev:defaultValue>None</dev:defaultValue>
        </command:parameter>
        <command:parameter required="false" variableLength="true" globbing="false" pipelineInput="False" position="named" aliases="none">
          <maml:name>ManagedServicePort</maml:name>
          <maml:description>
            <maml:para>Port number for managed service login.</maml:para>
          </maml:description>
          <command:parameterValue required="true" variableLength="false">Int32</command:parameterValue>
          <dev:type>
            <maml:name>Int32</maml:name>
            <maml:uri />
          </dev:type>
          <dev:defaultValue>None</dev:defaultValue>
        </command:parameter>
        <command:parameter required="false" variableLength="true" globbing="false" pipelineInput="False" position="named" aliases="none">
          <maml:name>ManagedServiceSecret</maml:name>
          <maml:description>
            <maml:para>Secret, used for some kinds of managed service login.</maml:para>
          </maml:description>
          <command:parameterValue required="true" variableLength="false">SecureString</command:parameterValue>
          <dev:type>
            <maml:name>SecureString</maml:name>
            <maml:uri />
          </dev:type>
          <dev:defaultValue>None</dev:defaultValue>
        </command:parameter>
      </command:syntaxItem>
    </command:syntax>
    <command:parameters>
      <command:parameter required="true" variableLength="true" globbing="false" pipelineInput="false" position="named" aliases="none">
        <maml:name>AccessTokens</maml:name>
        <maml:description>
          <maml:para>Specifies a access tokens for "MSGraph" and "Skype and Teams Tenant Admin API" resources. This new parameter is added in version 2.3.2-preview. </maml:para>
          <maml:para>Following steps must be performed by Tenant Admin in the Azure portal when using your own application. </maml:para>
          <maml:para>Steps to configure the AAD application.  1. Go to Azure portal and go to App Registrations.  2. Create or select the existing application. 3. Add the following permission to this Application.  4. Click API permissions.  5. Click Add a permission.  6. Click on the Microsoft MS Graph, and then select Delegated Permission. 7. Add the following permissions: "AppCatalog.ReadWrite.All", "Group.ReadWrite.All", "User.Read.All"; 8. Next, we need to add "Skype and Teams Tenant Admin API" resource permission. Click Add a permission. 9. Navigate to "APIs my organization uses"  10. Search for "Skype and Teams Tenant Admin API". 11. Add all the listed permissions.  12. Grant admin consent to both MS Graph and "Skype and Teams Tenant Admin API" name.</maml:para>
        </maml:description>
        <command:parameterValue required="true" variableLength="false">String[]</command:parameterValue>
        <dev:type>
          <maml:name>String[]</maml:name>
          <maml:uri />
        </dev:type>
        <dev:defaultValue>None</dev:defaultValue>
      </command:parameter>
      <command:parameter required="true" variableLength="true" globbing="false" pipelineInput="False" position="named" aliases="none">
        <maml:name>AadAccessToken (Removed from version 2.3.2-preview)</maml:name>
        <maml:description>
          <maml:para>Specifies a Azure Active Directory Graph access token. &gt; [!WARNING] &gt;This parameter has been removed from version 2.3.2-preview.</maml:para>
        </maml:description>
        <command:parameterValue required="true" variableLength="false">String</command:parameterValue>
        <dev:type>
          <maml:name>String</maml:name>
          <maml:uri />
        </dev:type>
        <dev:defaultValue>None</dev:defaultValue>
      </command:parameter>
      <command:parameter required="false" variableLength="true" globbing="false" pipelineInput="False" position="named" aliases="none">
        <maml:name>AccountId</maml:name>
        <maml:description>
          <maml:para>Specifies the ID of an account. You must specify the UPN of the user when authenticating with a user access token.</maml:para>
        </maml:description>
        <command:parameterValue required="true" variableLength="false">String</command:parameterValue>
        <dev:type>
          <maml:name>String</maml:name>
          <maml:uri />
        </dev:type>
        <dev:defaultValue>None</dev:defaultValue>
      </command:parameter>
      <command:parameter required="true" variableLength="true" globbing="false" pipelineInput="False" position="named" aliases="none">
        <maml:name>ApplicationId</maml:name>
        <maml:description>
          <maml:para>Specifies the application ID of the service principal.</maml:para>
        </maml:description>
        <command:parameterValue required="true" variableLength="false">String</command:parameterValue>
        <dev:type>
          <maml:name>String</maml:name>
          <maml:uri />
        </dev:type>
        <dev:defaultValue>None</dev:defaultValue>
      </command:parameter>
      <command:parameter required="true" variableLength="true" globbing="false" pipelineInput="False" position="named" aliases="none">
        <maml:name>CertificateThumbprint (Removed from version 2.4.1-preview)</maml:name>
        <maml:description>
          <maml:para>Specifies the certificate thumbprint of a digital public key X.509 certificate of a user account that has permission to perform this action. &gt; [!WARNING] &gt;This parameter has been removed from version 2.4.1-preview.</maml:para>
        </maml:description>
        <command:parameterValue required="true" variableLength="false">String</command:parameterValue>
        <dev:type>
          <maml:name>String</maml:name>
          <maml:uri />
        </dev:type>
        <dev:defaultValue>None</dev:defaultValue>
      </command:parameter>
      <command:parameter required="false" variableLength="true" globbing="false" pipelineInput="False" position="named" aliases="cf">
        <maml:name>Confirm</maml:name>
        <maml:description>
          <maml:para>Prompts you for confirmation before running the cmdlet.</maml:para>
        </maml:description>
        <command:parameterValue required="false" variableLength="false">SwitchParameter</command:parameterValue>
        <dev:type>
          <maml:name>SwitchParameter</maml:name>
          <maml:uri />
        </dev:type>
        <dev:defaultValue>False</dev:defaultValue>
      </command:parameter>
      <command:parameter required="false" variableLength="true" globbing="false" pipelineInput="False" position="named" aliases="none">
        <maml:name>Credential</maml:name>
        <maml:description>
          <maml:para>Specifies a PSCredential object. For more information about the PSCredential object, type Get-Help Get-Credential.</maml:para>
          <maml:para>The PSCredential object provides the user ID and password for organizational ID credentials.</maml:para>
        </maml:description>
        <command:parameterValue required="true" variableLength="false">PSCredential</command:parameterValue>
        <dev:type>
          <maml:name>PSCredential</maml:name>
          <maml:uri />
        </dev:type>
        <dev:defaultValue>None</dev:defaultValue>
      </command:parameter>
      <command:parameter required="false" variableLength="true" globbing="false" pipelineInput="False" position="named" aliases="none">
        <maml:name>LogFilePath</maml:name>
        <maml:description>
          <maml:para>The path where the log file for this PowerShell session is written to. Provide a value here if you need to deviate from the default PowerShell log file location.</maml:para>
        </maml:description>
        <command:parameterValue required="true" variableLength="false">String</command:parameterValue>
        <dev:type>
          <maml:name>String</maml:name>
          <maml:uri />
        </dev:type>
        <dev:defaultValue>None</dev:defaultValue>
      </command:parameter>
      <command:parameter required="false" variableLength="true" globbing="false" pipelineInput="False" position="named" aliases="none">
        <maml:name>LogLevel</maml:name>
        <maml:description>
          <maml:para>Specifies the log level.  The acceptable values for this parameter are:</maml:para>
          <maml:para>- Info</maml:para>
          <maml:para>- Error</maml:para>
          <maml:para>- Warning</maml:para>
          <maml:para>- None</maml:para>
          <maml:para></maml:para>
          <maml:para>The default value is Info.</maml:para>
        </maml:description>
        <command:parameterValue required="true" variableLength="false">LogLevel</command:parameterValue>
        <dev:type>
          <maml:name>LogLevel</maml:name>
          <maml:uri />
        </dev:type>
        <dev:defaultValue>None</dev:defaultValue>
      </command:parameter>
      <command:parameter required="false" variableLength="true" globbing="false" pipelineInput="False" position="named" aliases="none">
        <maml:name>MsAccessToken (Removed from version 2.3.2-preview)</maml:name>
        <maml:description>
          <maml:para>Specifies a Microsoft Graph access token. &gt; [!WARNING] &gt;This parameter has been removed from version 2.3.2-preview.</maml:para>
        </maml:description>
        <command:parameterValue required="true" variableLength="false">String</command:parameterValue>
        <dev:type>
          <maml:name>String</maml:name>
          <maml:uri />
        </dev:type>
        <dev:defaultValue>None</dev:defaultValue>
      </command:parameter>
      <command:parameter required="false" variableLength="true" globbing="false" pipelineInput="False" position="named" aliases="Domain, TenantDomain">
        <maml:name>TenantId</maml:name>
        <maml:description>
          <maml:para>Specifies the ID of a tenant.</maml:para>
          <maml:para>If you do not specify this parameter, the account is authenticated with the home tenant.</maml:para>
          <maml:para>You must specify the TenantId parameter to authenticate as a service principal or when using Microsoft account.</maml:para>
        </maml:description>
        <command:parameterValue required="true" variableLength="false">String</command:parameterValue>
        <dev:type>
          <maml:name>String</maml:name>
          <maml:uri />
        </dev:type>
        <dev:defaultValue>None</dev:defaultValue>
      </command:parameter>
      <command:parameter required="false" variableLength="true" globbing="false" pipelineInput="False" position="named" aliases="wi">
        <maml:name>WhatIf</maml:name>
        <maml:description>
          <maml:para>Shows what would happen if the cmdlet runs. The cmdlet is not run.</maml:para>
        </maml:description>
        <command:parameterValue required="false" variableLength="false">SwitchParameter</command:parameterValue>
        <dev:type>
          <maml:name>SwitchParameter</maml:name>
          <maml:uri />
        </dev:type>
        <dev:defaultValue>False</dev:defaultValue>
      </command:parameter>
      <command:parameter required="false" variableLength="true" globbing="false" pipelineInput="False" position="named" aliases="none">
        <maml:name>TeamsEnvironmentName</maml:name>
        <maml:description>
          <maml:para>Use this setting if your organization is in one of the Teams Government Cloud environments.</maml:para>
          <maml:para>Specify "TeamsGCCH" if your organization is in the GCC High Environment.  Specify "TeamsDOD" if your organization is in the DoD Environment.</maml:para>
        </maml:description>
        <command:parameterValue required="true" variableLength="false">String</command:parameterValue>
        <dev:type>
          <maml:name>String</maml:name>
          <maml:uri />
        </dev:type>
        <dev:defaultValue>None</dev:defaultValue>
      </command:parameter>
      <command:parameter required="true" variableLength="true" globbing="false" pipelineInput="False" position="named" aliases="MSI, ManagedService">
        <maml:name>Identity</maml:name>
        <maml:description>
          <maml:para>Login using managed service identity in the current environment.</maml:para>
        </maml:description>
        <command:parameterValue required="false" variableLength="false">SwitchParameter</command:parameterValue>
        <dev:type>
          <maml:name>SwitchParameter</maml:name>
          <maml:uri />
        </dev:type>
        <dev:defaultValue>False</dev:defaultValue>
      </command:parameter>
      <command:parameter required="false" variableLength="true" globbing="false" pipelineInput="False" position="named" aliases="none">
        <maml:name>ManagedServiceHostName</maml:name>
        <maml:description>
          <maml:para>Host name for managed service login.</maml:para>
        </maml:description>
        <command:parameterValue required="true" variableLength="false">String</command:parameterValue>
        <dev:type>
          <maml:name>String</maml:name>
          <maml:uri />
        </dev:type>
        <dev:defaultValue>None</dev:defaultValue>
      </command:parameter>
      <command:parameter required="false" variableLength="true" globbing="false" pipelineInput="False" position="named" aliases="none">
        <maml:name>ManagedServicePort</maml:name>
        <maml:description>
          <maml:para>Port number for managed service login.</maml:para>
        </maml:description>
        <command:parameterValue required="true" variableLength="false">Int32</command:parameterValue>
        <dev:type>
          <maml:name>Int32</maml:name>
          <maml:uri />
        </dev:type>
        <dev:defaultValue>None</dev:defaultValue>
      </command:parameter>
      <command:parameter required="false" variableLength="true" globbing="false" pipelineInput="False" position="named" aliases="none">
        <maml:name>ManagedServiceSecret</maml:name>
        <maml:description>
          <maml:para>Secret, used for some kinds of managed service login.</maml:para>
        </maml:description>
        <command:parameterValue required="true" variableLength="false">SecureString</command:parameterValue>
        <dev:type>
          <maml:name>SecureString</maml:name>
          <maml:uri />
        </dev:type>
        <dev:defaultValue>None</dev:defaultValue>
      </command:parameter>
    </command:parameters>
    <command:inputTypes />
    <command:returnValues />
    <maml:alertSet>
      <maml:alert>
        <maml:para></maml:para>
      </maml:alert>
    </maml:alertSet>
    <command:examples>
      <command:example>
        <maml:title>------------- Example 1: Connect to MicrosoftTeams -------------</maml:title>
        <dev:code>Connect-MicrosoftTeams
Account                 Environment 	Tenant                                TenantId                         
-------                 -----------  ------------------------------------  ------------------------------------
user@contoso.com        AzureCloud   xxxxxxxx-xxxx-xxxx-xxxx-xxxxxxxxxxxx  xxxxxxxx-xxxx-xxxx-xxxx-xxxxxxxxxxxx</dev:code>
        <dev:remarks>
          <maml:para></maml:para>
        </dev:remarks>
      </command:example>
      <command:example>
        <maml:title>------------- Example 2: Connect to MicrosoftTeams -------------</maml:title>
        <dev:code>$credential = Get-Credential
Connect-MicrosoftTeams -Credential $credential
Account                 Environment 	Tenant                                TenantId                         
-------                 -----------  ------------------------------------  ------------------------------------
user@contoso.com        AzureCloud   xxxxxxxx-xxxx-xxxx-xxxx-xxxxxxxxxxxx  xxxxxxxx-xxxx-xxxx-xxxx-xxxxxxxxxxxx</dev:code>
        <dev:remarks>
          <maml:para></maml:para>
        </dev:remarks>
      </command:example>
      <command:example>
        <maml:title>Example 3: Connect to MicrosoftTeams in a specific environment</maml:title>
        <dev:code>Connect-MicrosoftTeams -TeamsEnvironmentName TeamsGCCH
Account                 Environment 	Tenant                                TenantId                         
-------                 -----------  ------------------------------------  ------------------------------------
user@contoso.com        TeamsGCCH   xxxxxxxx-xxxx-xxxx-xxxx-xxxxxxxxxxxx  xxxxxxxx-xxxx-xxxx-xxxx-xxxxxxxxxxxx</dev:code>
        <dev:remarks>
          <maml:para></maml:para>
        </dev:remarks>
      </command:example>
      <command:example>
        <maml:title>--- Example 4: Connect to MicrosoftTeams using Accesstokens ---</maml:title>
        <dev:code>$graphtoken = #Get MSGraph Token for following for resource  "https://graph.microsoft.com" and scopes "AppCatalog.ReadWrite.All", "Group.ReadWrite.All", "User.Read.All";
$teamstoken = #Get Teams resource token for resource id "48ac35b8-9aa8-4d74-927d-1f4a14a0b239" and scope "user_impersonation";

Connect-MicrosoftTeams -AccessTokens @($graphtoken, $teamstoken) -AccountId $adminaccount

Account                 Environment 	Tenant                                TenantId                         
-------                 -----------  ------------------------------------  ------------------------------------
user@contoso.com        AzureCloud   xxxxxxxx-xxxx-xxxx-xxxx-xxxxxxxxxxxx  xxxxxxxx-xxxx-xxxx-xxxx-xxxxxxxxxxxx</dev:code>
        <dev:remarks>
          <maml:para></maml:para>
        </dev:remarks>
      </command:example>
    </command:examples>
    <command:relatedLinks>
      <maml:navigationLink>
        <maml:linkText>Online Version:</maml:linkText>
        <maml:uri>https://docs.microsoft.com/powershell/module/teams/connect-microsoftteams</maml:uri>
      </maml:navigationLink>
    </command:relatedLinks>
  </command:command>
  <command:command xmlns:maml="http://schemas.microsoft.com/maml/2004/10" xmlns:command="http://schemas.microsoft.com/maml/dev/command/2004/10" xmlns:dev="http://schemas.microsoft.com/maml/dev/2004/10" xmlns:MSHelp="http://msdn.microsoft.com/mshelp">
    <command:details>
      <command:name>Disconnect-MicrosoftTeams</command:name>
      <command:verb>Disconnect</command:verb>
      <command:noun>MicrosoftTeams</command:noun>
      <maml:description>
        <maml:para></maml:para>
      </maml:description>
    </command:details>
    <maml:description>
      <maml:para></maml:para>
    </maml:description>
    <command:syntax>
      <command:syntaxItem>
        <maml:name>Disconnect-MicrosoftTeams</maml:name>
        <command:parameter required="false" variableLength="true" globbing="false" pipelineInput="False" position="named" aliases="wi">
          <maml:name>WhatIf</maml:name>
          <maml:description>
            <maml:para>Simulates what would happen if the cmdlet is run.  The cmdlet is not run.</maml:para>
          </maml:description>
          <dev:type>
            <maml:name>SwitchParameter</maml:name>
            <maml:uri />
          </dev:type>
          <dev:defaultValue>False</dev:defaultValue>
        </command:parameter>
        <command:parameter required="false" variableLength="true" globbing="false" pipelineInput="False" position="named" aliases="cf">
          <maml:name>Confirm</maml:name>
          <maml:description>
            <maml:para>Proactively accepts any confirmation prompts.</maml:para>
          </maml:description>
          <dev:type>
            <maml:name>SwitchParameter</maml:name>
            <maml:uri />
          </dev:type>
          <dev:defaultValue>False</dev:defaultValue>
        </command:parameter>
      </command:syntaxItem>
    </command:syntax>
    <command:parameters>
      <command:parameter required="false" variableLength="true" globbing="false" pipelineInput="False" position="named" aliases="wi">
        <maml:name>WhatIf</maml:name>
        <maml:description>
          <maml:para>Simulates what would happen if the cmdlet is run.  The cmdlet is not run.</maml:para>
        </maml:description>
        <command:parameterValue required="false" variableLength="false">SwitchParameter</command:parameterValue>
        <dev:type>
          <maml:name>SwitchParameter</maml:name>
          <maml:uri />
        </dev:type>
        <dev:defaultValue>False</dev:defaultValue>
      </command:parameter>
      <command:parameter required="false" variableLength="true" globbing="false" pipelineInput="False" position="named" aliases="cf">
        <maml:name>Confirm</maml:name>
        <maml:description>
          <maml:para>Proactively accepts any confirmation prompts.</maml:para>
        </maml:description>
        <command:parameterValue required="false" variableLength="false">SwitchParameter</command:parameterValue>
        <dev:type>
          <maml:name>SwitchParameter</maml:name>
          <maml:uri />
        </dev:type>
        <dev:defaultValue>False</dev:defaultValue>
      </command:parameter>
    </command:parameters>
    <command:inputTypes />
    <command:returnValues />
    <maml:alertSet>
      <maml:alert>
        <maml:para></maml:para>
      </maml:alert>
    </maml:alertSet>
    <command:examples>
      <command:example>
        <maml:title>-------------------------- Example 1 --------------------------</maml:title>
        <dev:code>PS C:\&gt; Disconnect-MicrosoftTeams</dev:code>
        <dev:remarks>
          <maml:para>Disconnects from the Microsoft Teams environment.</maml:para>
        </dev:remarks>
      </command:example>
    </command:examples>
    <command:relatedLinks>
      <maml:navigationLink>
        <maml:linkText>Online Version:</maml:linkText>
        <maml:uri>https://docs.microsoft.com/powershell/module/teams/disconnect-microsoftteams</maml:uri>
      </maml:navigationLink>
    </command:relatedLinks>
  </command:command>
</helpItems>